query_id,data,last_updated,status
4870926,"day,total_volume_usd,avg_daily_volume_7d
2025-11-19 00:00:00.000 UTC,54650.86201439892,68562.03254293387
2025-11-18 00:00:00.000 UTC,69122.82893702775,77015.6991441153
2025-11-17 00:00:00.000 UTC,63462.15954741994,83215.16400649224
2025-11-16 00:00:00.000 UTC,65618.7222094475,90655.37376040175
2025-11-15 00:00:00.000 UTC,70084.41826003179,95476.40248063256
2025-11-14 00:00:00.000 UTC,82993.185667628,96348.29228364294
2025-11-13 00:00:00.000 UTC,74002.05116457789,95686.8222216502
2025-11-12 00:00:00.000 UTC,113826.52822266881,100966.97582377712
2025-11-11 00:00:00.000 UTC,112519.08297366643,103496.54488345709
2025-11-10 00:00:00.000 UTC,115543.62782478658,102455.13256769432
2025-11-09 00:00:00.000 UTC,99365.92325106318,97923.47031540192
2025-11-08 00:00:00.000 UTC,76187.64688110435,100598.37503721216
2025-11-07 00:00:00.000 UTC,78362.8952336788,105332.82914433672
2025-11-06 00:00:00.000 UTC,110963.12637946614,118242.50056380875
2025-11-05 00:00:00.000 UTC,131533.51164042857,129305.37084450734
2025-11-04 00:00:00.000 UTC,105229.19676332716,129483.17095832483
2025-11-03 00:00:00.000 UTC,83821.99205873978,142369.6332579627
2025-11-02 00:00:00.000 UTC,118090.25630373484,151821.76389614158
2025-11-01 00:00:00.000 UTC,109328.82563097624,149566.98737228656
2025-10-31 00:00:00.000 UTC,168730.595169983,152188.5491394408
2025-10-30 00:00:00.000 UTC,188403.21834435625,143471.84772141642
2025-10-29 00:00:00.000 UTC,132778.11243715102,128942.18378143905
2025-10-28 00:00:00.000 UTC,195434.43286079215,125838.6086427923
2025-10-27 00:00:00.000 UTC,149986.90652599183,129757.45674223285
2025-10-26 00:00:00.000 UTC,102306.82063674984,135047.79525392604
2025-10-25 00:00:00.000 UTC,127679.75800105577,134398.53367449032
2025-10-24 00:00:00.000 UTC,107713.6852438124,131352.29138302547
2025-10-23 00:00:00.000 UTC,86695.57076451466,152236.6196222864
2025-10-22 00:00:00.000 UTC,111053.08646662385,155115.8136782425
2025-10-21 00:00:00.000 UTC,222866.369556876,155474.09012556428
2025-10-20 00:00:00.000 UTC,187019.27610784423,166583.402188587
2025-10-19 00:00:00.000 UTC,97761.98958069982,148629.28652968534
2025-10-18 00:00:00.000 UTC,106356.06196080188,142764.55327254432
2025-10-17 00:00:00.000 UTC,253903.98291863903,135037.9486618541
2025-10-16 00:00:00.000 UTC,106849.92915620719,122780.52363402846
2025-10-15 00:00:00.000 UTC,113561.02159787648,126677.33334852476
2025-10-14 00:00:00.000 UTC,300631.55399803503,133144.8574369666
2025-10-13 00:00:00.000 UTC,61340.46649553249,110021.1897790433
2025-10-12 00:00:00.000 UTC,56708.85678071268,131669.0867836087
2025-10-11 00:00:00.000 UTC,52269.8296859705,154102.48607142718
2025-10-10 00:00:00.000 UTC,168102.00772385934,171308.80080556122
2025-10-09 00:00:00.000 UTC,134127.59715768142,187004.8308209891
2025-10-08 00:00:00.000 UTC,158833.69021696938,201375.87336248514
2025-10-07 00:00:00.000 UTC,138765.88039257197,209604.22085244814
2025-10-06 00:00:00.000 UTC,212875.74552749042,225982.04473263194
2025-10-05 00:00:00.000 UTC,213742.6517954421,218931.61947609737
2025-10-04 00:00:00.000 UTC,172714.0328249086,203149.87438921822
2025-10-03 00:00:00.000 UTC,277974.21783185453,191289.12126418183
2025-10-02 00:00:00.000 UTC,234724.8949481538,168689.5663894618
2025-10-01 00:00:00.000 UTC,216432.1226467105,162484.92007138813
2025-09-30 00:00:00.000 UTC,253410.64755385852,159382.47994173924
2025-09-29 00:00:00.000 UTC,163522.76873174842,175441.3624502719
2025-09-28 00:00:00.000 UTC,103270.43618728814,176603.84778153658
2025-09-27 00:00:00.000 UTC,89688.76094965382,180099.3873834853
2025-09-26 00:00:00.000 UTC,119777.33370881426,191667.95793773126
2025-09-25 00:00:00.000 UTC,191292.37072163812,215721.342432004
2025-09-24 00:00:00.000 UTC,194715.0417391684,263682.0802193757
2025-09-23 00:00:00.000 UTC,365822.8251135872,287110.59493752953
2025-09-22 00:00:00.000 UTC,171660.16605060108,294129.3109264313
2025-09-21 00:00:00.000 UTC,127739.21340092923,383386.276640406
2025-09-20 00:00:00.000 UTC,170668.75482937545,463861.738278172
2025-09-19 00:00:00.000 UTC,288151.02516872337,482482.95842102595
2025-09-18 00:00:00.000 UTC,527017.5352332403,491224.8281224423
2025-09-17 00:00:00.000 UTC,358714.64476624504,462712.14834402956
2025-09-16 00:00:00.000 UTC,414953.8370358994,515379.2358865914
2025-09-15 00:00:00.000 UTC,796458.9260484239,498092.95604353107
2025-09-14 00:00:00.000 UTC,691067.4448652909,421723.624938474
2025-09-13 00:00:00.000 UTC,301017.2958293532,355598.45902143855
2025-09-12 00:00:00.000 UTC,349344.11307863815,337493.29494909226
2025-09-11 00:00:00.000 UTC,327428.77678435075,326248.43809612084
2025-09-10 00:00:00.000 UTC,727384.257564178,324940.42824467417
2025-09-09 00:00:00.000 UTC,293949.87813447684,276387.29427982913
2025-09-08 00:00:00.000 UTC,261873.60831302407,276963.82544675743
2025-09-07 00:00:00.000 UTC,228191.28344604332,281233.5194548045
2025-09-06 00:00:00.000 UTC,174281.14732292912,284808.270673688
2025-09-05 00:00:00.000 UTC,270630.11510783824,304475.75826116145
2025-09-04 00:00:00.000 UTC,318272.7078242241,316298.28689363756
2025-09-03 00:00:00.000 UTC,387512.31981026253,322531.66726945125
2025-09-02 00:00:00.000 UTC,297985.59630297526,322203.7912318854
2025-09-01 00:00:00.000 UTC,291761.4663693533,330529.8551597557
2025-08-31 00:00:00.000 UTC,253214.5419782276,328905.97653533757
2025-08-30 00:00:00.000 UTC,311953.5604352433,335005.4719814613
2025-08-29 00:00:00.000 UTC,353387.8155351709,322505.85673575336
2025-08-28 00:00:00.000 UTC,361906.3704549198,316361.2316612134
2025-08-27 00:00:00.000 UTC,385217.1875473012,378684.73099709355
2025-08-26 00:00:00.000 UTC,356268.0437980677,353852.96606525
2025-08-25 00:00:00.000 UTC,280394.31599842675,340103.76300448936
2025-08-24 00:00:00.000 UTC,295911.0101010936,343929.37380809215
2025-08-23 00:00:00.000 UTC,224456.25371528798,334454.95992658526
2025-08-22 00:00:00.000 UTC,310375.4400133911,341272.79235393915
2025-08-21 00:00:00.000 UTC,798170.8658060813,350671.4207464336
2025-08-20 00:00:00.000 UTC,211394.83302439636,314535.2043518343
2025-08-19 00:00:00.000 UTC,260023.62237274332,382145.28212631814
2025-08-18 00:00:00.000 UTC,307173.59162364615,456522.0983834206
2025-08-17 00:00:00.000 UTC,229590.1129305451,508113.9076094321
2025-08-16 00:00:00.000 UTC,272181.080706765,547452.2341446991
2025-08-15 00:00:00.000 UTC,376165.83876085235,595737.7491403783
2025-08-14 00:00:00.000 UTC,545217.3510438862,624780.4679890845
2025-08-13 00:00:00.000 UTC,684665.3774457835,647170.3343291599
2025-08-12 00:00:00.000 UTC,780661.3361724605,619448.0275838617
2025-08-11 00:00:00.000 UTC,668316.256205727,589502.0625656288
2025-08-10 00:00:00.000 UTC,504958.3986774139,558398.1078023982
2025-08-09 00:00:00.000 UTC,610179.6856765192,538371.1785392549
2025-08-08 00:00:00.000 UTC,579464.8707017963,482144.8668071129
2025-08-07 00:00:00.000 UTC,701946.4154244141,441537.2573091173
2025-08-06 00:00:00.000 UTC,490609.2302286965,416256.9839796698
2025-08-05 00:00:00.000 UTC,571039.5810448301,416860.962627159
2025-08-04 00:00:00.000 UTC,450588.57286311284,416160.35707684414
2025-08-03 00:00:00.000 UTC,364769.8938354112,434338.8438495403
2025-08-02 00:00:00.000 UTC,216595.50355152477,445733.98922922276
2025-08-01 00:00:00.000 UTC,295211.60421582725,487525.27442695206
2025-07-31 00:00:00.000 UTC,524984.5021182816,507940.62458689336
2025-07-30 00:00:00.000 UTC,494837.0807611213,526770.1882015016
2025-07-29 00:00:00.000 UTC,566135.3421926257,518662.51708559477
2025-07-28 00:00:00.000 UTC,577837.980271986,524381.4978867656
2025-07-27 00:00:00.000 UTC,444535.91149318824,518531.2529974827
2025-07-26 00:00:00.000 UTC,509134.49993562995,510377.9411997202
2025-07-25 00:00:00.000 UTC,438119.0553354167,485383.0743946288
2025-07-24 00:00:00.000 UTC,656791.447420539,556542.2249496211
2025-07-23 00:00:00.000 UTC,438083.38294977375,617519.3147057805
2025-07-22 00:00:00.000 UTC,606168.2078008216,726524.0336906464
2025-07-21 00:00:00.000 UTC,536886.2660470055,734802.0752870673
2025-07-20 00:00:00.000 UTC,387462.7289088504,760245.7976207224
2025-07-19 00:00:00.000 UTC,334170.43229999027,768831.2719584055
2025-07-18 00:00:00.000 UTC,936233.1092203633,786399.6328381879
2025-07-17 00:00:00.000 UTC,1.0836310757136543e+06,725188.4301476497
2025-07-16 00:00:00.000 UTC,1.2011164158438358e+06,652849.0762209818
2025-07-15 00:00:00.000 UTC,664114.4989757673,547339.9546930651
2025-07-14 00:00:00.000 UTC,714992.3223825915,533270.5097915732
2025-07-13 00:00:00.000 UTC,447561.049272632,535508.0444273058
2025-07-12 00:00:00.000 UTC,457148.9584584661,590102.78474413
2025-07-11 00:00:00.000 UTC,507754.69038659637,644887.5094154599
2025-07-10 00:00:00.000 UTC,577255.5982269787,655611.2106383133
2025-07-09 00:00:00.000 UTC,462552.56514841906,685129.6164437057
2025-07-08 00:00:00.000 UTC,565628.3846653234,703930.0278933666
2025-07-07 00:00:00.000 UTC,730655.0648327208,687961.3201174965
2025-07-06 00:00:00.000 UTC,829724.231490401,667579.7986268161
2025-07-05 00:00:00.000 UTC,840642.0311577755,594172.257587577
2025-07-04 00:00:00.000 UTC,582820.5989465698,542134.319346689
2025-07-03 00:00:00.000 UTC,783884.4388647254,564706.5267301254
2025-07-02 00:00:00.000 UTC,594155.4452960457,515525.0436624806
2025-07-01 00:00:00.000 UTC,453847.4302342317,523773.5556833412
2025-06-30 00:00:00.000 UTC,587984.4143979584,505552.3706733003
2025-06-29 00:00:00.000 UTC,315871.4442157264,467043.0410278573
2025-06-28 00:00:00.000 UTC,476376.4634715604,462736.8890420532
2025-06-27 00:00:00.000 UTC,740826.050630624,446559.3769306055
2025-06-26 00:00:00.000 UTC,439614.0573912122,394280.5747326048
2025-06-25 00:00:00.000 UTC,651895.0294420699,397833.73336682044
2025-06-24 00:00:00.000 UTC,326299.1351639449,353329.9034827075
2025-06-23 00:00:00.000 UTC,318419.1068798567,366572.7261685967
2025-06-22 00:00:00.000 UTC,285728.38031509815,438076.54760608176
2025-06-21 00:00:00.000 UTC,363133.8786914263,454040.8944302089
2025-06-20 00:00:00.000 UTC,374874.43524461903,453759.10916434106
2025-06-19 00:00:00.000 UTC,464486.16783072194,470701.22732093965
2025-06-18 00:00:00.000 UTC,340368.22025327967,485782.6800081279
2025-06-17 00:00:00.000 UTC,418998.89396516955,528095.5423721567
2025-06-16 00:00:00.000 UTC,818945.8569422523,524171.11735995125
2025-06-15 00:00:00.000 UTC,397478.8080839877,469898.48601450614
2025-06-14 00:00:00.000 UTC,361161.3818303517,462597.02621172887
2025-06-13 00:00:00.000 UTC,493469.2623408085,455859.22964591853
2025-06-12 00:00:00.000 UTC,570056.3366410397,459123.6465702666
2025-06-11 00:00:00.000 UTC,636558.2568014811,479339.27378374554
2025-06-10 00:00:00.000 UTC,391527.9188797317,438510.59497456957
2025-06-09 00:00:00.000 UTC,439037.4375241362,460937.59304653096
2025-06-08 00:00:00.000 UTC,346368.58946454694,465531.226979412
2025-06-07 00:00:00.000 UTC,313996.8058696796,475811.04708610056
2025-06-06 00:00:00.000 UTC,516320.1808112447,484089.5566247163
2025-06-05 00:00:00.000 UTC,711565.7271353925,473902.35741246166
2025-06-04 00:00:00.000 UTC,350757.5051372495,439683.48014406813
2025-06-03 00:00:00.000 UTC,548516.9053834609,476323.6324825666
2025-06-02 00:00:00.000 UTC,471192.87505430356,482291.3473612676
2025-06-01 00:00:00.000 UTC,418327.3302113668,493199.76875045116
2025-05-31 00:00:00.000 UTC,371946.37263999006,501352.46696703526
2025-05-30 00:00:00.000 UTC,445009.7863254617,514458.103781683
2025-05-29 00:00:00.000 UTC,472033.58625663794,539327.8754823983
2025-05-28 00:00:00.000 UTC,607238.5715067384,570424.2354930995
2025-05-27 00:00:00.000 UTC,590290.9095343683,577252.5802182379
2025-05-26 00:00:00.000 UTC,547551.8247785884,598455.3473701822
2025-05-25 00:00:00.000 UTC,475396.21772745583,634984.3194471627
2025-05-24 00:00:00.000 UTC,463685.83034252445,679968.8273193723
2025-05-23 00:00:00.000 UTC,619098.188230469,751598.6958912087
2025-05-22 00:00:00.000 UTC,689708.1063315466,823052.7876617146
2025-05-21 00:00:00.000 UTC,655036.9845827072,928510.5641166485
2025-05-20 00:00:00.000 UTC,738710.2795979775,1.1929399811090531e+06
2025-05-19 00:00:00.000 UTC,803254.6293174521,1.4307854509649675e+06
2025-05-18 00:00:00.000 UTC,790287.7728329232,1.4944737475099608e+06
2025-05-17 00:00:00.000 UTC,965094.9103453788,1.4949000853488625e+06
2025-05-16 00:00:00.000 UTC,1.1192768306240106e+06,1.4482617331579248e+06
2025-05-15 00:00:00.000 UTC,1.4279125415160847e+06,1.3927090622675272e+06
2025-05-14 00:00:00.000 UTC,2.50604290352954e+06,1.34903699349054e+06
2025-05-13 00:00:00.000 UTC,2.403628568589378e+06,1.1169849572569474e+06
2025-05-12 00:00:00.000 UTC,1.2490727051324034e+06,974729.1151774343
2025-05-11 00:00:00.000 UTC,793272.1377052325,900837.2092175378
2025-05-10 00:00:00.000 UTC,638626.4450088156,915769.6022575385
2025-05-09 00:00:00.000 UTC,730408.1343912273,1.0701761413064708e+06
2025-05-08 00:00:00.000 UTC,1.1222080600771739e+06,1.1061192244316626e+06
2025-05-07 00:00:00.000 UTC,881678.6498943934,1.2122999787158049e+06
2025-05-06 00:00:00.000 UTC,1.407837674032786e+06,1.2563467668481257e+06
2025-05-05 00:00:00.000 UTC,731829.3634131269,1.2380577656179478e+06
2025-05-04 00:00:00.000 UTC,897798.8889852369,1.3581807754818206e+06
2025-05-03 00:00:00.000 UTC,1.719472218351342e+06,1.3843780204425654e+06
2025-05-02 00:00:00.000 UTC,982009.7162675688,1.3189730909407537e+06
2025-05-01 00:00:00.000 UTC,1.8654733400661694e+06,1.4047704644308921e+06
2025-04-30 00:00:00.000 UTC,1.19000616682064e+06,1.3373174898202568e+06
2025-04-29 00:00:00.000 UTC,1.2798146654215408e+06,1.4406652996246144e+06
2025-04-28 00:00:00.000 UTC,1.572690432460237e+06,1.4530379664936273e+06
2025-04-27 00:00:00.000 UTC,1.0811796037104498e+06,1.3933659563851892e+06
2025-04-26 00:00:00.000 UTC,1.2616377118386615e+06,1.3706479953917959e+06
2025-04-25 00:00:00.000 UTC,1.5825913306985367e+06,1.299190984613145e+06
2025-04-24 00:00:00.000 UTC,1.3933025177917238e+06,1.324107979064431e+06
2025-04-23 00:00:00.000 UTC,1.9134408354511433e+06,1.3152027798050258e+06
2025-04-22 00:00:00.000 UTC,1.366423333504632e+06,1.3702552854872446e+06
2025-04-21 00:00:00.000 UTC,1.154986361701171e+06,1.3634292898495474e+06
2025-04-20 00:00:00.000 UTC,922153.8767566971,1.3527564170434717e+06
2025-04-19 00:00:00.000 UTC,761438.6363881055,1.3585001340955163e+06
2025-04-18 00:00:00.000 UTC,1.7570102918575387e+06,1.4554867684656426e+06
2025-04-17 00:00:00.000 UTC,1.3309661229758875e+06,1.3513853322333933e+06
2025-04-16 00:00:00.000 UTC,2.298808375226674e+06,1.3283125931659213e+06
2025-04-15 00:00:00.000 UTC,1.318641364040751e+06,1.1976299057109621e+06
2025-04-14 00:00:00.000 UTC,1.0802762520586427e+06,1.1167168296275747e+06
2025-04-13 00:00:00.000 UTC,962359.8961210103,1.0448025319255034e+06
2025-04-12 00:00:00.000 UTC,1.4403450769789913e+06,971178.187873199
2025-04-11 00:00:00.000 UTC,1.0283002382317932e+06,820701.3591907242
2025-04-10 00:00:00.000 UTC,1.1694569495035831e+06,726167.9440347393
2025-04-09 00:00:00.000 UTC,1.3840295630419604e+06,623685.2080763752
2025-04-08 00:00:00.000 UTC,752249.8314570397,516186.3690340962
2025-04-07 00:00:00.000 UTC,576876.168144144,516450.5659338494
2025-04-06 00:00:00.000 UTC,446989.4877548794,613239.7234900706
2025-04-05 00:00:00.000 UTC,387007.2762016681,633836.2185116193
2025-04-04 00:00:00.000 UTC,366566.3321398979,740207.8802164721
2025-04-03 00:00:00.000 UTC,452077.79779503436,835958.2153121912
2025-04-02 00:00:00.000 UTC,631537.6897460085,908838.0614877332
2025-04-01 00:00:00.000 UTC,754099.2097553122,1.103873872980174e+06
2025-03-31 00:00:00.000 UTC,1.2544002710376922e+06,1.1202558673188486e+06
2025-03-30 00:00:00.000 UTC,591164.9529057203,1.1013491474236841e+06
2025-03-29 00:00:00.000 UTC,1.1316089081356388e+06,1.0865058968447247e+06
2025-03-28 00:00:00.000 UTC,1.0368186778099311e+06,976133.4373508486
2025-03-27 00:00:00.000 UTC,962236.7210238277,853489.5772881871
2025-03-26 00:00:00.000 UTC,1.9967883701930945e+06,817093.7806106072
2025-03-25 00:00:00.000 UTC,868773.170126035,602279.2464534823
2025-03-24 00:00:00.000 UTC,1.1220532317715408e+06,528856.2395205281
2025-03-23 00:00:00.000 UTC,487262.1988530038,424254.6992703097
2025-03-22 00:00:00.000 UTC,359001.69167850557,400214.3524549565
2025-03-21 00:00:00.000 UTC,178311.65737130097,447919.2308473961
2025-03-20 00:00:00.000 UTC,707466.1442807693,484965.6866519399
2025-03-19 00:00:00.000 UTC,493086.63109321945,441726.95363111526
2025-03-18 00:00:00.000 UTC,354812.1215953556,440097.56420002494
2025-03-17 00:00:00.000 UTC,389842.4500200122,437857.08556102175
2025-03-16 00:00:00.000 UTC,318979.7711455316,439333.1555352846
2025-03-15 00:00:00.000 UTC,692935.8404255825,485773.6891415924
2025-03-14 00:00:00.000 UTC,437636.8480031074,499011.7341201556
2025-03-13 00:00:00.000 UTC,404795.0131349973,606588.3506277343
2025-03-12 00:00:00.000 UTC,481680.90507558687,632275.9762184063
2025-03-11 00:00:00.000 UTC,339128.7711223335,656341.4056421049
2025-03-10 00:00:00.000 UTC,400174.939839852,667893.3233900175
2025-03-09 00:00:00.000 UTC,644063.5063896857,678725.2693277021
2025-03-08 00:00:00.000 UTC,785602.1552755253,659886.8168893914
2025-03-07 00:00:00.000 UTC,1.1906731635561588e+06,587615.2052391737
2025-03-06 00:00:00.000 UTC,584608.3922697017,470323.84787376865
2025-03-05 00:00:00.000 UTC,650138.9110414758,454912.59537475894
2025-03-04 00:00:00.000 UTC,419992.19535772246,447885.99116165977
2025-03-03 00:00:00.000 UTC,475998.56140364456,525641.7525773707
2025-03-02 00:00:00.000 UTC,512194.33932151087,559162.8622527412
2025-03-01 00:00:00.000 UTC,279700.8737240017,599957.8945570022
2025-02-28 00:00:00.000 UTC,369633.66199832346,648936.3755181928
2025-02-27 00:00:00.000 UTC,476729.624776634,724447.961476282
2025-02-26 00:00:00.000 UTC,600952.6815497815,790322.787206293
2025-02-25 00:00:00.000 UTC,964282.5252676994,829189.4587036135
2025-02-24 00:00:00.000 UTC,710646.3291312387,800110.9898069286
2025-02-23 00:00:00.000 UTC,797759.5654513382,854833.3395676569
2025-02-22 00:00:00.000 UTC,622550.240452335,871094.1744659658
2025-02-21 00:00:00.000 UTC,898214.7637049472,946128.9824206602
2025-02-20 00:00:00.000 UTC,937853.4048867117,1.2863860908263433e+06
2025-02-19 00:00:00.000 UTC,873019.3820310244,1.4309981007431932e+06
2025-02-18 00:00:00.000 UTC,760733.2429909053,1.6409103891598303e+06
2025-02-17 00:00:00.000 UTC,1.0937027774563378e+06,2.031735177517527e+06
2025-02-16 00:00:00.000 UTC,911585.4097395007,2.4377666689124173e+06
2025-02-15 00:00:00.000 UTC,1.147793896135195e+06,2.711324430820779e+06
2025-02-14 00:00:00.000 UTC,3.280014522544728e+06,2.7317255710390513e+06
2025-02-13 00:00:00.000 UTC,1.950137474304661e+06,2.523282726396091e+06
2025-02-12 00:00:00.000 UTC,2.3424054009474837e+06,2.439246189322695e+06
2025-02-11 00:00:00.000 UTC,3.4965067614947828e+06,2.4176262051685126e+06
2025-02-10 00:00:00.000 UTC,3.9359232172205686e+06,2.154969152523474e+06
2025-02-09 00:00:00.000 UTC,2.826489743098034e+06,1.7989558259981885e+06
2025-02-08 00:00:00.000 UTC,1.2906018776631018e+06,1.6013863392808815e+06
2025-02-07 00:00:00.000 UTC,1.8209146100440042e+06,1.726285198556857e+06
2025-02-06 00:00:00.000 UTC,1.3618817147908907e+06,1.8783736999215172e+06
2025-02-05 00:00:00.000 UTC,2.1910655118682072e+06,2.3375742300692378e+06
2025-02-04 00:00:00.000 UTC,1.6579073929795092e+06,2.376176661200769e+06
2025-02-03 00:00:00.000 UTC,1.4438299315435712e+06,2.528394136935362e+06
2025-02-02 00:00:00.000 UTC,1.443503336076885e+06,2.9400717417471865e+06
2025-02-01 00:00:00.000 UTC,2.164893892594929e+06,3.4009663887272854e+06
2025-01-31 00:00:00.000 UTC,2.885534119596627e+06,3.747210667813145e+06
2025-01-30 00:00:00.000 UTC,4.576285425824934e+06,4.537615307595154e+06
2025-01-29 00:00:00.000 UTC,2.4612825297889234e+06,5.07747986591375e+06
2025-01-28 00:00:00.000 UTC,2.723429723121664e+06,5.370331833940816e+06
2025-01-27 00:00:00.000 UTC,4.325573165226341e+06,6.015172473227228e+06
2025-01-26 00:00:00.000 UTC,4.669765864937576e+06,7.047187571759355e+06
2025-01-25 00:00:00.000 UTC,4.588603846195948e+06,8.292232848306858e+06
2025-01-24 00:00:00.000 UTC,8.41836659807069e+06,8.877109304239515e+06
2025-01-23 00:00:00.000 UTC,8.355337334055102e+06,8.133751431864331e+06
2025-01-22 00:00:00.000 UTC,4.5112463059783885e+06,7.430055027203843e+06
2025-01-21 00:00:00.000 UTC,7.237314198126557e+06,7.210099293055755e+06
2025-01-20 00:00:00.000 UTC,1.1549678854951223e+07,6.692293123882508e+06
2025-01-19 00:00:00.000 UTC,1.3385082800770096e+07,5.383633624560339e+06
2025-01-18 00:00:00.000 UTC,8.682739037724543e+06,4.0226939644353106e+06
2025-01-17 00:00:00.000 UTC,3.2148614914444042e+06,3.309306097917039e+06
2025-01-16 00:00:00.000 UTC,3.429462501431689e+06,3.3243362226481535e+06
2025-01-15 00:00:00.000 UTC,2.971556166941773e+06,3.4712395354725523e+06
2025-01-14 00:00:00.000 UTC,3.6126710139138233e+06,3.7024910901797893e+06
2025-01-13 00:00:00.000 UTC,2.389062359696049e+06,3.7840273769873935e+06
2025-01-12 00:00:00.000 UTC,3.858505179894899e+06,3.9657275498834876e+06
2025-01-11 00:00:00.000 UTC,3.6890239720966397e+06,3.992312693465756e+06
2025-01-10 00:00:00.000 UTC,3.3200723645622074e+06,3.964010686954088e+06
2025-01-09 00:00:00.000 UTC,4.457785691202482e+06,4.193683520826868e+06
2025-01-08 00:00:00.000 UTC,4.590317049892433e+06,4.1538072454775623e+06
2025-01-07 00:00:00.000 UTC,4.183425021567054e+06,3.863528130563718e+06
2025-01-06 00:00:00.000 UTC,3.6609635699687083e+06,3.5828976647111517e+06
2025-01-05 00:00:00.000 UTC,4.0446011849707766e+06,3.3381416822476955e+06
2025-01-04 00:00:00.000 UTC,3.4909099265149646e+06,3.079142243515525e+06
2025-01-03 00:00:00.000 UTC,4.927782201671663e+06,2.8286997160844537e+06
2025-01-02 00:00:00.000 UTC,4.1786517637573453e+06,2.385401040397659e+06
2025-01-01 00:00:00.000 UTC,2.5583632454955187e+06,2.134803741757176e+06
2024-12-31 00:00:00.000 UTC,2.2190117605990916e+06,1.9528018727233834e+06
2024-12-30 00:00:00.000 UTC,1.9476716927245131e+06,1.8384994159188066e+06
2024-12-29 00:00:00.000 UTC,2.2316051138455835e+06,1.793618811449031e+06
2024-12-28 00:00:00.000 UTC,1.7378122344974654e+06,1.7619162196675376e+06
2024-12-27 00:00:00.000 UTC,1.8246914718641e+06,1.8625538083202892e+06
2024-12-26 00:00:00.000 UTC,2.424470673273964e+06,1.970286488991718e+06
2024-12-25 00:00:00.000 UTC,1.284350162258972e+06,1.944223983359217e+06
2024-12-24 00:00:00.000 UTC,1.4188945629670543e+06,2.1400505589311807e+06
2024-12-23 00:00:00.000 UTC,1.6335074614360859e+06,2.218341972126129e+06
2024-12-22 00:00:00.000 UTC,2.0096869713751283e+06,2.2581375275469963e+06
2024-12-21 00:00:00.000 UTC,2.4422753550667255e+06,2.189841143226875e+06
2024-12-20 00:00:00.000 UTC,2.578820236564101e+06,2.153248429678511e+06
2024-12-19 00:00:00.000 UTC,2.242033133846456e+06,2.1728247621650016e+06
2024-12-18 00:00:00.000 UTC,2.6551361912627206e+06,2.1953341649895264e+06
2024-12-17 00:00:00.000 UTC,1.9669344553316915e+06,2.1755637154257116e+06
2024-12-16 00:00:00.000 UTC,1.9120763493821574e+06,2.2218031448248276e+06
2024-12-15 00:00:00.000 UTC,1.5316122811342792e+06,2.215576834510128e+06
2024-12-14 00:00:00.000 UTC,2.1861263602281767e+06,2.2210718208071e+06
2024-12-13 00:00:00.000 UTC,2.7158545639695353e+06,2.155283715404903e+06
2024-12-12 00:00:00.000 UTC,2.39959895361813e+06,2.0164123444223905e+06
2024-12-11 00:00:00.000 UTC,2.516743044316018e+06,1.9379767609405275e+06
2024-12-10 00:00:00.000 UTC,2.2906104611255024e+06,1.8804158614078413e+06
2024-12-09 00:00:00.000 UTC,1.868492177179262e+06,1.894945887036934e+06
2024-12-08 00:00:00.000 UTC,1.5700771852130787e+06,1.9611858641726375e+06
2024-12-07 00:00:00.000 UTC,1.725609622412803e+06,2.0316816119825474e+06
2024-12-06 00:00:00.000 UTC,1.7437549670919464e+06,2.0500684948398373e+06
2024-12-05 00:00:00.000 UTC,1.8505498692450903e+06,2.1417780854224786e+06
2024-12-04 00:00:00.000 UTC,2.1138167475872147e+06,2.2608657648507473e+06
2024-12-03 00:00:00.000 UTC,2.39232064052915e+06,2.4067401011194475e+06
2024-12-02 00:00:00.000 UTC,2.3321720171291865e+06,2.432535989571713e+06
2024-12-01 00:00:00.000 UTC,2.0635474198824475e+06,2.511153252441226e+06
2024-11-30 00:00:00.000 UTC,1.8543178024138298e+06,2.6521353105211854e+06
2024-11-29 00:00:00.000 UTC,2.3857221011704365e+06,2.862968225020317e+06
2024-11-28 00:00:00.000 UTC,2.684163625242972e+06,3.1463773785570334e+06
2024-11-27 00:00:00.000 UTC,3.1349371014681156e+06,3.3709988352861777e+06
2024-11-26 00:00:00.000 UTC,2.572891859695008e+06,3.6636216521837017e+06
2024-11-25 00:00:00.000 UTC,2.882492857215777e+06,4.192614621523917e+06
2024-11-24 00:00:00.000 UTC,3.0504218264421625e+06,4.65637591766507e+06
2024-11-23 00:00:00.000 UTC,3.3301482039077524e+06,5.099699272870256e+06
2024-11-22 00:00:00.000 UTC,4.36958617592745e+06,5.266178521909481e+06
2024-11-21 00:00:00.000 UTC,4.256513822346983e+06,5.4566321713929875e+06
2024-11-20 00:00:00.000 UTC,5.183296819750787e+06,5.684371871281763e+06
2024-11-19 00:00:00.000 UTC,6.275842645076512e+06,5.480155001503775e+06
2024-11-18 00:00:00.000 UTC,6.1288219302038485e+06,5.008826262069029e+06
2024-11-17 00:00:00.000 UTC,6.153685312878462e+06,4.624113759129355e+06
2024-11-16 00:00:00.000 UTC,4.495502947182328e+06,4.032877066175538e+06
2024-11-15 00:00:00.000 UTC,5.702761722312e+06,3.6062631054611583e+06
2024-11-14 00:00:00.000 UTC,5.850691721568403e+06,3.0591993837721436e+06
2024-11-13 00:00:00.000 UTC,3.7537787313048765e+06,2.5157405750124003e+06
2024-11-12 00:00:00.000 UTC,2.9765414690332874e+06,2.240970195479491e+06
2024-11-11 00:00:00.000 UTC,3.435834409626134e+06,2.012932883559609e+06
2024-11-10 00:00:00.000 UTC,2.0150284622017422e+06,1.7223343182657212e+06
2024-11-09 00:00:00.000 UTC,1.509205222181672e+06,1.705888644823698e+06
2024-11-08 00:00:00.000 UTC,1.8733156704888977e+06,1.7047243398482744e+06
2024-11-07 00:00:00.000 UTC,2.046480060250196e+06,1.6393749734847788e+06
2024-11-06 00:00:00.000 UTC,1.8303860745745099e+06,1.6072521520092038e+06
2024-11-05 00:00:00.000 UTC,1.3802802855941178e+06,1.6001746382477821e+06
2024-11-04 00:00:00.000 UTC,1.401644452568919e+06,1.7489502613995762e+06
2024-11-03 00:00:00.000 UTC,1.8999087481075798e+06,1.8287135605787672e+06
2024-11-02 00:00:00.000 UTC,1.5010550873537064e+06,1.9032023956193852e+06
2024-11-01 00:00:00.000 UTC,1.4158701059444293e+06,1.955447910392217e+06
2024-10-31 00:00:00.000 UTC,1.821620309921171e+06,2.0682162887731406e+06
2024-10-30 00:00:00.000 UTC,1.7808434782445573e+06,2.2077345200850246e+06
2024-10-29 00:00:00.000 UTC,2.4217096476566764e+06,2.3544854036409743e+06
2024-10-28 00:00:00.000 UTC,1.9599875468232555e+06,2.344365266050444e+06
2024-10-27 00:00:00.000 UTC,2.421330593391907e+06,2.3714754383174567e+06
2024-10-26 00:00:00.000 UTC,1.8667736907635294e+06,2.2747375537058176e+06
2024-10-25 00:00:00.000 UTC,2.205248754610894e+06,2.392903666140656e+06
2024-10-24 00:00:00.000 UTC,2.798247929104359e+06,2.332472834213518e+06
2024-10-23 00:00:00.000 UTC,2.8080996631362042e+06,2.145337208783934e+06
2024-10-22 00:00:00.000 UTC,2.3508686845229645e+06,1.985880954254166e+06
2024-10-21 00:00:00.000 UTC,2.1497587526923455e+06,1.8509759970282873e+06
2024-10-20 00:00:00.000 UTC,1.7441654011104328e+06,1.7753425799435603e+06
2024-10-19 00:00:00.000 UTC,2.693936477807397e+06,1.7083965375830252e+06
2024-10-18 00:00:00.000 UTC,1.7822329311209307e+06,1.491617285819134e+06
2024-10-17 00:00:00.000 UTC,1.488298551097268e+06,1.3642730519492072e+06
2024-10-16 00:00:00.000 UTC,1.6919058814278306e+06,1.2773812295251475e+06
2024-10-15 00:00:00.000 UTC,1.406533983941812e+06,1.1715701797175857e+06
2024-10-14 00:00:00.000 UTC,1.6203248330992572e+06,1.0686268188258612e+06
2024-10-13 00:00:00.000 UTC,1.2755431045866862e+06,953901.781370241
2024-10-12 00:00:00.000 UTC,1.176481715460159e+06,886132.8812971105
2024-10-11 00:00:00.000 UTC,890823.2940314426,879041.7282729383
2024-10-10 00:00:00.000 UTC,880055.7941288495,871723.4581195117
2024-10-09 00:00:00.000 UTC,951228.5327748964,873230.5174593074
2024-10-08 00:00:00.000 UTC,685930.4576997409,897964.6702865044
2024-10-07 00:00:00.000 UTC,817249.5709099158,911149.8623525451
2024-10-06 00:00:00.000 UTC,801160.8040747723,937673.8862718071
2024-10-05 00:00:00.000 UTC,1.1268436442909536e+06,1.0148910001167791e+06
2024-10-04 00:00:00.000 UTC,839595.402957456,1.0502371320073393e+06
2024-10-03 00:00:00.000 UTC,890605.2095074184,1.1273710888185694e+06
2024-10-02 00:00:00.000 UTC,1.1243676025652757e+06,1.1385040034048609e+06
2024-10-01 00:00:00.000 UTC,778226.8021620257,1.0409523308024209e+06
2024-09-30 00:00:00.000 UTC,1.0029177383447498e+06,984124.4791663737
2024-09-29 00:00:00.000 UTC,1.341680600989577e+06,881917.6785663465
2024-09-28 00:00:00.000 UTC,1.3742665675248746e+06,733785.5042236614
2024-09-27 00:00:00.000 UTC,1.3795331006360683e+06,568389.4798752292
2024-09-26 00:00:00.000 UTC,968535.6116114582,409036.14626187284
2024-09-25 00:00:00.000 UTC,441505.8943481955,316106.63070618047
2024-09-24 00:00:00.000 UTC,380431.84070969676,298091.4266495813
2024-09-23 00:00:00.000 UTC,287470.13414455834,280162.17646164325
2024-09-22 00:00:00.000 UTC,304755.3805907805,268958.20445534977
2024-09-21 00:00:00.000 UTC,216494.39708584984,250062.991022763
2024-09-20 00:00:00.000 UTC,264059.76534257346,241267.66029255275
2024-09-19 00:00:00.000 UTC,318029.00272161193,235155.53182105135
2024-09-18 00:00:00.000 UTC,315399.4659520012,221866.63494806862
2024-09-17 00:00:00.000 UTC,254927.0893941303,204454.43861424437
2024-09-16 00:00:00.000 UTC,209042.33010050416,202301.89894340318
2024-09-15 00:00:00.000 UTC,172488.88656267288,203131.39261194176
2024-09-14 00:00:00.000 UTC,154927.0819743784,205611.88826485837
2024-09-13 00:00:00.000 UTC,221274.8660420637,204914.78793839054
2024-09-12 00:00:00.000 UTC,225006.72461073298,203798.27714384798
2024-09-11 00:00:00.000 UTC,193514.0916152315,204313.54057034172
2024-09-10 00:00:00.000 UTC,239859.31169824174,215653.5410556933
2024-09-09 00:00:00.000 UTC,214848.78578027428,231048.30342305213
2024-09-08 00:00:00.000 UTC,189852.35613308923,236092.4240829183
2024-09-07 00:00:00.000 UTC,150047.37968910357,238809.65661888244
2024-09-06 00:00:00.000 UTC,213459.29048026618,245379.927573415
2024-09-05 00:00:00.000 UTC,228613.56859618914,246684.67060856405
2024-09-04 00:00:00.000 UTC,272894.0950126925,257048.4289250605
2024-09-03 00:00:00.000 UTC,347622.6482697536,257037.28954272886
2024-09-02 00:00:00.000 UTC,250157.63039933745,249558.47238677143
2024-09-01 00:00:00.000 UTC,208872.98388483826,251555.61694042344
2024-08-31 00:00:00.000 UTC,196039.27637083182,256387.22208393243
2024-08-30 00:00:00.000 UTC,222592.4917263092,269271.9333561448
2024-08-29 00:00:00.000 UTC,301159.87681166426,284837.0093535692
2024-08-28 00:00:00.000 UTC,272816.119336371,272058.78161606344
2024-08-27 00:00:00.000 UTC,295270.9281780518,269162.2078874094
2024-08-26 00:00:00.000 UTC,264137.64227490145,266688.04053700983
2024-08-25 00:00:00.000 UTC,242694.21988940108,286905.39326240617
2024-08-24 00:00:00.000 UTC,286232.25527631835,322620.3845748689
2024-08-23 00:00:00.000 UTC,331548.02370827994,329373.9356922869
2024-08-22 00:00:00.000 UTC,211712.28264912395,343246.097879723
2024-08-21 00:00:00.000 UTC,252540.1032357925,388964.1092933934
2024-08-20 00:00:00.000 UTC,277951.75672525517,435475.8050797302
2024-08-19 00:00:00.000 UTC,405659.11135267554,496462.6623390152
2024-08-18 00:00:00.000 UTC,492699.15907664044,528618.4462144001
2024-08-17 00:00:00.000 UTC,333507.1130982438,537602.3312153452
2024-08-16 00:00:00.000 UTC,428653.1590203328,583184.9962244435
2024-08-15 00:00:00.000 UTC,531738.3625448167,621770.5870854073
2024-08-14 00:00:00.000 UTC,578121.9737401501,674861.783124331
2024-08-13 00:00:00.000 UTC,704859.7575402498,721025.9385250548
2024-08-12 00:00:00.000 UTC,630749.5984803701,748583.2387594884
2024-08-11 00:00:00.000 UTC,555586.3540832559,749056.5021323749
2024-08-10 00:00:00.000 UTC,652585.7681619321,753193.6499783943
2024-08-09 00:00:00.000 UTC,698752.2950470797,766640.2593641883
2024-08-08 00:00:00.000 UTC,903376.7348172823,779382.805365524
2024-08-07 00:00:00.000 UTC,901271.061545217,802409.5813771824
2024-08-06 00:00:00.000 UTC,897760.8591812849,865532.5797456221
2024-08-05 00:00:00.000 UTC,634062.4420905755,940060.453219808
2024-08-04 00:00:00.000 UTC,584546.3890053909,1.0223582618856396e+06
2024-08-03 00:00:00.000 UTC,746712.03386249,1.2671978661233962e+06
2024-08-02 00:00:00.000 UTC,787950.117056429,1.3204575113272036e+06
2024-08-01 00:00:00.000 UTC,1.0645641668988913e+06,1.3161081740649384e+06
2024-07-31 00:00:00.000 UTC,1.3431320501242946e+06,1.2726547924120666e+06
2024-07-30 00:00:00.000 UTC,1.4194559735005868e+06,1.1960864797897786e+06
2024-07-29 00:00:00.000 UTC,1.2101471027513966e+06,1.144502122978322e+06
2024-07-28 00:00:00.000 UTC,2.298423618669686e+06,1.0907582134332915e+06
2024-07-27 00:00:00.000 UTC,1.1195295502891426e+06,865019.1530295683
2024-07-26 00:00:00.000 UTC,757504.7562205732,783874.0345009483
2024-07-25 00:00:00.000 UTC,760390.4953287878,768234.9861252789
2024-07-24 00:00:00.000 UTC,807153.8617682796,747612.1041540789
2024-07-23 00:00:00.000 UTC,1.05836547582039e+06,753551.0264035288
2024-07-22 00:00:00.000 UTC,833939.735936184,740076.307995565
2024-07-21 00:00:00.000 UTC,718250.1958436222,784637.7374006249
2024-07-20 00:00:00.000 UTC,551513.7205888028,817658.9736726625
2024-07-19 00:00:00.000 UTC,648031.4175908873,835817.8779440207
2024-07-18 00:00:00.000 UTC,616030.3215303877,840963.7709692686
2024-07-17 00:00:00.000 UTC,848726.317514429,846543.2480715156
2024-07-16 00:00:00.000 UTC,964042.4469646438,807208.2102690379
2024-07-15 00:00:00.000 UTC,1.1458697417716028e+06,749980.71471933
2024-07-14 00:00:00.000 UTC,949398.8497478853,672321.6282782655
2024-07-13 00:00:00.000 UTC,678626.0504883113,621802.6095672268
2024-07-12 00:00:00.000 UTC,684052.6687676222,610362.2899304306
2024-07-11 00:00:00.000 UTC,655086.6612461167,589534.3238534603
2024-07-10 00:00:00.000 UTC,573381.0528970857,574268.1105024421
2024-07-09 00:00:00.000 UTC,563449.9781166881,581414.731270748
2024-07-08 00:00:00.000 UTC,602256.136684151,599743.6650431856
2024-07-07 00:00:00.000 UTC,595765.7187706146,641000.4778565107
2024-07-06 00:00:00.000 UTC,598543.8130307373,650030.4542035813
2024-07-05 00:00:00.000 UTC,538256.9062288292,659009.2957153587
2024-07-04 00:00:00.000 UTC,548223.1677889901,722988.2623680333
2024-07-03 00:00:00.000 UTC,623407.3982752267,780591.888655964
2024-07-02 00:00:00.000 UTC,691752.5145237516,843833.2504776136
2024-07-01 00:00:00.000 UTC,891053.8263774272,853957.6345204229
2024-06-30 00:00:00.000 UTC,658975.553200109,833675.2076587928
2024-06-29 00:00:00.000 UTC,661395.7036131783,828840.7501000011
2024-06-28 00:00:00.000 UTC,986109.6727975515,826294.5362005018
2024-06-27 00:00:00.000 UTC,951448.5518045048,848463.9284105299
2024-06-26 00:00:00.000 UTC,1.066096931026773e+06,906779.719101821
2024-06-25 00:00:00.000 UTC,762623.2028234163,879120.30808376
2024-06-24 00:00:00.000 UTC,749076.8383460164,914807.6510020858
2024-06-23 00:00:00.000 UTC,625134.3502885672,975697.5421738158
2024-06-22 00:00:00.000 UTC,643572.2063166838,976575.881522717
2024-06-21 00:00:00.000 UTC,1.1412954182677474e+06,962576.5525606823
2024-06-20 00:00:00.000 UTC,1.3596590866435424e+06,914286.1264150105
2024-06-19 00:00:00.000 UTC,872481.0539003471,846830.6859001702
2024-06-18 00:00:00.000 UTC,1.012434603251697e+06,888193.3588697842
2024-06-17 00:00:00.000 UTC,1.1753060765481265e+06,887529.7751701223
2024-06-16 00:00:00.000 UTC,631282.7257308759,897179.7210699215
2024-06-15 00:00:00.000 UTC,545576.903582441,965257.4566927159
2024-06-14 00:00:00.000 UTC,803262.4352480453,1.1379190549504e+06
2024-06-13 00:00:00.000 UTC,887471.0030396596,1.3174560519947063e+06
2024-06-12 00:00:00.000 UTC,1.162019764687644e+06,1.481286875579625e+06
2024-06-11 00:00:00.000 UTC,1.0077895173540637e+06,1.467319451806632e+06
2024-06-10 00:00:00.000 UTC,1.242855697846721e+06,1.4701525021997807e+06
2024-06-09 00:00:00.000 UTC,1.107826875090436e+06,1.4854509779930653e+06
2024-06-08 00:00:00.000 UTC,1.7542080913862311e+06,1.5066559566893394e+06
2024-06-07 00:00:00.000 UTC,2.060021414558189e+06,1.4534330345658786e+06
2024-06-06 00:00:00.000 UTC,2.0342867681340883e+06,1.3480926486288442e+06
2024-06-05 00:00:00.000 UTC,1.0642477982766952e+06,1.267578098356895e+06
2024-06-04 00:00:00.000 UTC,1.027620870106104e+06,1.4017996729395126e+06
2024-06-03 00:00:00.000 UTC,1.3499450283997115e+06,1.4896224248218522e+06
2024-06-02 00:00:00.000 UTC,1.256261725964354e+06,1.6082698550413642e+06
2024-06-01 00:00:00.000 UTC,1.3816476365220046e+06,1.6535419026034256e+06
2024-05-31 00:00:00.000 UTC,1.3226387129989495e+06,1.6214553649430058e+06
2024-05-30 00:00:00.000 UTC,1.4706849162304415e+06,1.6389872459616885e+06
2024-05-29 00:00:00.000 UTC,2.0037988203550198e+06,1.5765950818348262e+06
2024-05-28 00:00:00.000 UTC,1.6423801332824822e+06,1.4216149751449612e+06
2024-05-27 00:00:00.000 UTC,2.180477039936294e+06,1.331929236820338e+06
2024-05-26 00:00:00.000 UTC,1.5731660588987835e+06,1.2074986794243872e+06
2024-05-25 00:00:00.000 UTC,1.157041872899067e+06,1.1591874931566033e+06
2024-05-24 00:00:00.000 UTC,1.4453618801297273e+06,1.169730165667698e+06
2024-05-23 00:00:00.000 UTC,1.0339397673424055e+06,1.1169432585041146e+06
2024-05-22 00:00:00.000 UTC,918938.0735259661,1.1589747978467862e+06
2024-05-21 00:00:00.000 UTC,1.0145799650101215e+06,1.231220428412249e+06
2024-05-20 00:00:00.000 UTC,1.3094631381646376e+06,1.2777985804305745e+06
2024-05-19 00:00:00.000 UTC,1.2349877550242974e+06,1.2938662489460984e+06
2024-05-18 00:00:00.000 UTC,1.2308405804767297e+06,1.2834518294979823e+06
2024-05-17 00:00:00.000 UTC,1.0758535299846428e+06,1.2258566543061004e+06
2024-05-16 00:00:00.000 UTC,1.3281605427411078e+06,1.1995802728494976e+06
2024-05-15 00:00:00.000 UTC,1.424657487484205e+06,1.1637215831050277e+06
2024-05-14 00:00:00.000 UTC,1.3406270291383986e+06,1.0712391846418055e+06
2024-05-13 00:00:00.000 UTC,1.4219368177733053e+06,1.0435370313303268e+06
2024-05-12 00:00:00.000 UTC,1.1620868188874861e+06,1.0030537662018966e+06
2024-05-11 00:00:00.000 UTC,827674.354133557,954118.6798496637
2024-05-10 00:00:00.000 UTC,891918.8597884213,939764.7881908411
2024-05-09 00:00:00.000 UTC,1.0771497145298196e+06,936403.9275427355
2024-05-08 00:00:00.000 UTC,777280.6982416492,869856.0458731365
2024-05-07 00:00:00.000 UTC,1.1467119559580476e+06,824121.3174152832
2024-05-06 00:00:00.000 UTC,1.1385539618742932e+06,747569.5609724177
2024-05-05 00:00:00.000 UTC,819541.2144218563,733619.4064228691
2024-05-04 00:00:00.000 UTC,727197.1125217982,754456.8614529436
2024-05-03 00:00:00.000 UTC,868392.8352516816,760795.4032598016
2024-05-02 00:00:00.000 UTC,611314.5428426272,763423.0026200386
2024-05-01 00:00:00.000 UTC,457137.5990366758,860067.0789614683
2024-04-30 00:00:00.000 UTC,610849.6608579892,919434.5082438604
2024-04-29 00:00:00.000 UTC,1.0409028800274527e+06,974742.2331285849
2024-04-28 00:00:00.000 UTC,965403.3996323781,1.0043193006475304e+06
2024-04-27 00:00:00.000 UTC,771566.905169804,910123.2482156307
2024-04-26 00:00:00.000 UTC,886786.030773341,834480.6263470978
2024-04-25 00:00:00.000 UTC,1.287823077232635e+06,748333.9501278911
2024-04-24 00:00:00.000 UTC,872709.6040134208,604112.7647700546
2024-04-23 00:00:00.000 UTC,998003.7350510613,522763.6116681571
2024-04-22 00:00:00.000 UTC,1.2479423526600706e+06,441044.89141304715
2024-04-21 00:00:00.000 UTC,306031.0326090806,332786.0840639552
2024-04-20 00:00:00.000 UTC,242068.5520900737,347438.0130158196
2024-04-19 00:00:00.000 UTC,283759.2972388937,387467.0040255579
2024-04-18 00:00:00.000 UTC,278274.7797277801,437526.11529138824
2024-04-17 00:00:00.000 UTC,303265.53230013774,510675.75588433444
2024-04-16 00:00:00.000 UTC,425972.69326529145,578035.2124025911
2024-04-15 00:00:00.000 UTC,490130.7012164268,687629.0972110125
2024-04-14 00:00:00.000 UTC,408594.53527213127,741643.6441360981
2024-04-13 00:00:00.000 UTC,522271.489158242,857892.3635292485
2024-04-12 00:00:00.000 UTC,634173.0760997062,909170.318613341
2024-04-11 00:00:00.000 UTC,790322.2638784037,939164.119369278
2024-04-10 00:00:00.000 UTC,774781.7279279348,1.0094797978660507e+06
2024-04-09 00:00:00.000 UTC,1.1931298869242407e+06,1.0903131167637284e+06
2024-04-08 00:00:00.000 UTC,868232.5296920261,1.130779184690324e+06
2024-04-07 00:00:00.000 UTC,1.2223355710241848e+06,1.3019051386485694e+06
2024-04-06 00:00:00.000 UTC,881217.1747468889,1.4393334196925575e+06
2024-04-05 00:00:00.000 UTC,844129.6813912657,1.5886723521904168e+06
2024-04-04 00:00:00.000 UTC,1.2825320133558118e+06,1.6872730063325155e+06
2024-04-03 00:00:00.000 UTC,1.3406149602116796e+06,1.709424953497002e+06
2024-04-02 00:00:00.000 UTC,1.4763923624104082e+06,1.703362939107436e+06
2024-04-01 00:00:00.000 UTC,2.0661142073997448e+06,1.795914059832238e+06
2024-03-31 00:00:00.000 UTC,2.1843335383321024e+06,1.6202947612866927e+06
2024-03-30 00:00:00.000 UTC,1.9265897022319047e+06,1.439249771519502e+06
2024-03-29 00:00:00.000 UTC,1.5343342603859557e+06,1.2851688929730584e+06
2024-03-28 00:00:00.000 UTC,1.4375956435072166e+06,1.4493497004270118e+06
2024-03-27 00:00:00.000 UTC,1.2981808594847177e+06,1.9336673695742446e+06
2024-03-26 00:00:00.000 UTC,2.1242502074840222e+06,2.2940328867783616e+06
2024-03-25 00:00:00.000 UTC,836779.1175809278,2.9401721231782744e+06
2024-03-24 00:00:00.000 UTC,917018.6099617666,4.728591054960595e+06
2024-03-23 00:00:00.000 UTC,848023.5524068022,6.06368905149874e+06
2024-03-22 00:00:00.000 UTC,2.683599912563627e+06,7.427760326916267e+06
2024-03-21 00:00:00.000 UTC,4.827819327537845e+06,8.880188004981184e+06
2024-03-20 00:00:00.000 UTC,3.8207394799135374e+06,9.042344876212003e+06
2024-03-19 00:00:00.000 UTC,6.647224862283412e+06,8.802574725910062e+06
2024-03-18 00:00:00.000 UTC,1.3355711640057174e+07,8.199528685001353e+06
2024-03-17 00:00:00.000 UTC,1.0262704585728776e+07,7.136679050436179e+06
2024-03-16 00:00:00.000 UTC,1.039652248032949e+07,6.3852091797907995e+06
2024-03-15 00:00:00.000 UTC,1.2850593659018055e+07,5.517030757163644e+06
2024-03-14 00:00:00.000 UTC,5.962917426153559e+06,4.085047576965613e+06
2024-03-13 00:00:00.000 UTC,2.142348427799954e+06,3.5306971744330404e+06
2024-03-12 00:00:00.000 UTC,2.425902575922457e+06,3.4670949302511034e+06
2024-03-11 00:00:00.000 UTC,5.915764198100965e+06,3.301901074922338e+06
2024-03-10 00:00:00.000 UTC,5.0024154912111135e+06,2.6295543506204956e+06
2024-03-09 00:00:00.000 UTC,4.319273521939404e+06,2.0577256387168758e+06
2024-03-08 00:00:00.000 UTC,2.8267113976318417e+06,1.543558484275334e+06
2024-03-07 00:00:00.000 UTC,2.082464608425549e+06,1.2026322204603006e+06
2024-03-06 00:00:00.000 UTC,1.6971327185263967e+06,964509.9590919801
2024-03-05 00:00:00.000 UTC,1.2695455886210978e+06,788867.0198153708
2024-03-04 00:00:00.000 UTC,1.209337127988065e+06,655881.1216097802
2024-03-03 00:00:00.000 UTC,999614.5078857761,528651.7559203332
2024-03-02 00:00:00.000 UTC,720103.4408486128,436050.94726925384
2024-03-01 00:00:00.000 UTC,440227.55092660483,367900.7322529894
2024-02-29 00:00:00.000 UTC,415608.7788473058,353975.24142997526
2024-02-28 00:00:00.000 UTC,467632.1435901314,340220.7334463809
2024-02-27 00:00:00.000 UTC,338644.30118196405,325806.62451169087
2024-02-26 00:00:00.000 UTC,318731.56816193514,324742.3548215407
2024-02-25 00:00:00.000 UTC,351408.8473282204,352457.92464233545
2024-02-24 00:00:00.000 UTC,243051.93573476162,376141.2156845856
2024-02-23 00:00:00.000 UTC,342749.1151655062,410890.13218897855
2024-02-22 00:00:00.000 UTC,319327.22296214534,451366.01432643406
2024-02-21 00:00:00.000 UTC,366733.3810473016,493262.8372083478
2024-02-20 00:00:00.000 UTC,331194.4133509127,501898.2500535613
2024-02-19 00:00:00.000 UTC,512740.55690749857,513501.53819881106
2024-02-18 00:00:00.000 UTC,517191.8846239719,519966.8133876542
2024-02-17 00:00:00.000 UTC,486294.3512655122,502703.77526896104
2024-02-16 00:00:00.000 UTC,626080.2901276947,481765.6693895206
2024-02-15 00:00:00.000 UTC,612604.9831355414,445423.96960387955
2024-02-14 00:00:00.000 UTC,427181.2709637961,422341.63014702115
2024-02-13 00:00:00.000 UTC,412417.43036766123,434740.3270162427
2024-02-12 00:00:00.000 UTC,557997.4832294005,441931.5755869715
2024-02-11 00:00:00.000 UTC,396350.6177931197,446937.34611525864
2024-02-10 00:00:00.000 UTC,339727.61010942893,490949.7963519293
2024-02-09 00:00:00.000 UTC,371688.3916282076,551645.5107748448
2024-02-08 00:00:00.000 UTC,451028.6069375324,644137.5063367076
2024-02-07 00:00:00.000 UTC,513972.1490483472,764626.4846771301
2024-02-06 00:00:00.000 UTC,462756.1703627624,781640.3289823692
2024-02-05 00:00:00.000 UTC,593037.8769274107,839033.3298133609
2024-02-04 00:00:00.000 UTC,704437.7694498141,877186.3640961639
2024-02-03 00:00:00.000 UTC,764597.6110698371,883272.4158610714
2024-02-02 00:00:00.000 UTC,1.0191323605612473e+06,855391.0000068968
2024-02-01 00:00:00.000 UTC,1.2944514553204894e+06,783972.226311097
2024-01-31 00:00:00.000 UTC,633069.0591850204,666383.3530700646
2024-01-30 00:00:00.000 UTC,864507.1761797044,632542.3440556751
2024-01-29 00:00:00.000 UTC,860109.1169070327,548302.833099217
2024-01-28 00:00:00.000 UTC,747040.1318041673,468263.3984415783
2024-01-27 00:00:00.000 UTC,569427.7000906143,424320.0632307176
2024-01-26 00:00:00.000 UTC,519200.94469064876,402918.5604291619
2024-01-25 00:00:00.000 UTC,471329.34263326233,368552.50283599005
2024-01-24 00:00:00.000 UTC,396181.9960842944,340057.9900359149
2024-01-23 00:00:00.000 UTC,274830.5994844985,317562.8393503885
2024-01-22 00:00:00.000 UTC,299833.0743035614,299250.6726956446
2024-01-21 00:00:00.000 UTC,439436.7853281424,283132.50105105905
2024-01-20 00:00:00.000 UTC,419617.18047972413,236693.1680977977
2024-01-19 00:00:00.000 UTC,278638.54153844644,192940.36300425188
2024-01-18 00:00:00.000 UTC,271867.753032736,170059.42549584346
2024-01-17 00:00:00.000 UTC,238715.94128561002,145459.75420732703
2024-01-16 00:00:00.000 UTC,146645.4329012913,129291.25027903225
2024-01-15 00:00:00.000 UTC,187005.8727914627,135910.3503507703
2024-01-14 00:00:00.000 UTC,114361.45465531276,118504.08861753668
2024-01-13 00:00:00.000 UTC,113347.5448249036,111207.18112900271
2024-01-12 00:00:00.000 UTC,118471.97897958758,106706.16722451677
2024-01-11 00:00:00.000 UTC,99670.05401312103,89781.5987988614
2024-01-10 00:00:00.000 UTC,125536.41378754652,75543.01965412984
2024-01-09 00:00:00.000 UTC,192979.13340345788,57609.246255908896
2024-01-08 00:00:00.000 UTC,65162.04065882722,30040.798626843487
2024-01-07 00:00:00.000 UTC,63283.10223557514,20731.935675582452
2024-01-06 00:00:00.000 UTC,81840.44749350203,11691.492499071717
",2025-11-20T10:29:37.354370,success
